category,breaks,exposure_usd
Crypto,157,46567769.660000004
Other,206,25355716.77
Tech,30,23510167.950000003
Politics,74,18609948.34999999
Entertainment,13,3125624.3899999997
Sports,52,2460822.62
Geopolitics,2,417124.43999999994
Macro,6,385040.39999999997
